iter	Logloss
0	0.5281174923
1	0.4100971821
2	0.3262943964
3	0.267832649
4	0.2263047548
5	0.1943560463
6	0.1698998728
7	0.1499636105
8	0.1338548503
9	0.1220818625
10	0.1168163412
11	0.1118383913
12	0.1039873144
13	0.100877801
14	0.09450401364
15	0.09167962699
16	0.08954428993
17	0.08385748601
18	0.08131167286
19	0.08017065955
20	0.07829139143
21	0.0764984995
